Issue,Theme,SelectedExpert,Fix,gate_hospitality,logit_hospitality,gate_airline,logit_airline,gate_restaurant,logit_restaurant
"Flight departure time was moved up by 7 hours, causing inconvenience.",Schedule Change,airline,"- **Automated Ticket Refund:** Use the airline’s refund API (e.g., Sabre Refund) to issue an automatic 100 % refund for any tickets affected by the time change, with a standardized “Schedule Change” ticket type and a 24‑hour processing SLA. | - **Proactive Notification:** Deploy a scheduled Slack alert in the airline’s operations dashboard that triggers a push notification to all passengers’ registered mobile numbers (via Twilio) when a departure time is adjusted by more than 4 hours, giving at least 48 hours’ notice. | - **Flexible Rebooking Option:** Add a “Rebook‑Free” button in the airline’s mobile app that automatically rebooks the passenger on the next available flight, updating the booking via the NDC API (e.g., Amadeus NDC) and sending a confirmation email within 30 minutes. | - **Post‑Change Communication Checklist:** Implement a mandatory checklist in the airline’s SOP that requires a “Change Impact” form to be completed in Salesforce Service Cloud for every schedule change, logging passenger compensation (e.g., meal voucher) and a follow‑up call within 2 hours. | - **Real‑Time Passenger Dashboard:** Build a",0.04131217673420906,-1.601578950881958,0.9586878418922424,6.343132495880127,0.0,-5.193386077880859
Customer service representatives gave contradictory information and seemed incompetent.,Service Quality,restaurant,"- Deploy a real‑time knowledge‑base verification step in the CRM (e.g., Salesforce Service Cloud) that requires agents to select the exact article title before sending a response, automatically flagging any deviation for manager review. | - Integrate a weekly “Live Call Shadow” program where senior agents record calls and use the Gong.io conversation analytics dashboard to score each representative on consistency of script adherence and product expertise, with scores tracked in a quarterly performance report. | - Launch a mandatory 15‑minute micro‑learning module on the Lessonly platform that walks agents through the top 10 conflicting FAQs and requires a 90 % pass on a built‑in quiz before they can handle those topics. | - Institute a quarterly “Customer‑Facing Competency Audit” using a scripted role‑play script and a rubric scored in the Calendly scheduling system, with agents who fall below 85 % competency automatically enrolled in a targeted coaching sprint.assistant

**Recommendations:**assistant

- Deploy a real‑time knowledge‑base verification step in the CRM (e.g., Salesforce Service Cloud) that requires agents to select the exact article title before sending a response, automatically flagging any deviation for manager review. | - Integrate a",0.0,-0.7152062654495239,0.41561803221702576,-0.17370419204235077,0.5843819975852966,0.6873365044593811
"Refund processing took excessively long, with repeated 6‑week delays.",Refund Process,airline,"- Deploy a dedicated “Refund Queue” in Salesforce Service Cloud with automated SLA alerts that trigger a 48‑hour review when a case exceeds 5 business days in “Pending” status. | - Integrate Stripe Refund API into the order‑management workflow so that refunds are initiated instantly upon approval, reducing manual handling time by at least 80 %. | - Set up a weekly “Refund Sprint” using Trello boards where each agent must close three open refunds before the sprint ends, and track completion rates on a real‑time dashboard. | - Contract a certified RPA vendor (e.g., UiPath) to automate the reconciliation of refund amounts against original transactions, cutting the reconciliation cycle from 6 weeks to under 48 hours.assistant

**Recommendations:**assistant

- Deploy a dedicated “Refund Queue” in Salesforce Service Cloud with automated SLA alerts that trigger a 48‑hour review when a case exceeds 5 business days in “Pending” status. | - Integrate Stripe Refund API into the order‑management workflow so that refunds are initiated instantly upon approval, reducing manual handling time by at least 80 %. | - Set up a weekly “Refund Sprint” using Trello boards",0.34981048107147217,0.43197742104530334,0.6501894593238831,1.9981564283370972,0.0,-2.485238552093506
"Check-in wait time exceeded two hours and the line moved very slowly, with inefficient agents.",Check-in Process,hospitality,"- Deploy a cloud‑based queue‑management platform (e.g., QLess) that issues virtual tickets via SMS and displays real‑time wait estimates on digital signage, reducing physical line congestion. | - Integrate a workforce‑management solution such as Kronos WFM to forecast peak check‑in volume and automatically schedule a “rapid‑check‑in” team with at least two agents per shift, ensuring a minimum of 80 % of arrivals are processed within 15 minutes. | - Install self‑service kiosks (e.g., NCR FastLane) equipped with biometric scanners and a pre‑registration module that can complete basic identity verification, cutting agent handling time by up to 30 %. | - Set up a real‑time performance dashboard in Power BI that tracks average wait time, agent idle time, and ticket‑resolution speed; trigger an automated alert to the floor manager when wait time exceeds 30 minutes so corrective action can be taken immediately. | - Implement a gamified incentive program using Bonusly to reward agents who maintain a 90 % “on‑time” processing rate, with weekly bonuses tied to the Power BI metrics.İTESİassistant

**Recommendations:**assistant

-",0.8325204253196716,2.918459892272949,0.16747963428497314,-1.1332106590270996,0.0,-1.8658257722854614
In-flight service was slow and unsatisfactory despite airline's reputation.,In-flight Service,airline,"- Deploy a real‑time passenger‑experience dashboard in Power BI that pulls data from the aircraft’s POS, Wi‑Fi usage, and onboard surveys to flag any service‑delay trigger (e.g., drink order > 5 min) and automatically route alerts to the flight‑lead’s mobile device via Microsoft Teams. | - Institute a “Service Sprint” pilot on 10 % of flights, using a pre‑flight checklist in the CrewApp checklist module (e.g., “Begin service within 2 min of cabin door closure”) with mandatory sign‑off and automatic audit logs reviewed weekly by the Operations Manager. | - Launch a micro‑learning series on the Lessonly platform that includes 5‑minute video modules on rapid service protocols (e.g., “Speedy beverage prep”) and a post‑module quiz, requiring ≥ 90 % pass rates before each crew member can access the onboard service tablet. | - Introduce a post‑flight “Speed‑Score” KPI measured by the iAuditor app, where each crew member receives a score (0‑5) based on service timing; scores below 3 trigger an automatic coaching ticket in ServiceNow and a quarterly bonus tied to achieving a 95 % average score",0.06266450881958008,-1.4913530349731445,0.9373354911804199,5.343763828277588,0.0,-4.220598220825195
Cabin crew repeatedly bumped into the passenger's seat without apologizing.,Cabin Service,airline,"- Deploy a **QR‑code‑enabled passenger‑alert system** (e.g., using a tablet‑based checklist in the crew app) that displays a “Bump‑Alert” pop‑up on the cabin screen when a crew member approaches a seat, prompting them to tap “Acknowledge” before any contact. | - Institute a **mandatory 5‑second apology script** (e.g., “I’m sorry for the bump, ma’am”) logged in the **flight‑deck voice‑recording system** (such as Sony ICD‑UX560) for every seat‑contact incident, with weekly audit reports reviewed by the cabin‑service manager. | - Introduce a **real‑time crew‑behavior dashboard** (built on the existing crew‑management platform, e.g., CrewCom) that flags any “bump‑without‑apology” event and triggers a 30‑minute corrective coaching session via video review. | - Launch a **micro‑learning module** in the crew LMS (e.g., SAP Litmos) that requires 100% completion of a 3‑minute scenario‑based video (using the “Bump‑Alert” scenario) and a short quiz before each flight, with completion tracked and tied to",0.1270274668931961,-0.065061554312706,0.8729725480079651,4.804992198944092,0.0,-4.982108116149902
Food quality was mediocre at best.,Food Quality,restaurant,"- **Implement a digital recipe management system (e.g., **ChefTec** or **Recipe Costing Pro**) to lock down exact ingredient weights, cooking times, and temperature parameters, and require chefs to log each batch in the system before service. | - **Install IoT‑enabled temperature probes** (such as **ThermoWorks ThermoPop**) linked to a real‑time dashboard in the kitchen, with alerts sent to the head chef’s phone when any cooking zone deviates >2 °C from the target. | - **Run a weekly sensory audit using a standardized 9‑point hedonic scoring sheet** (flavor, texture, appearance) and record results in a Google Sheet that triggers a “re‑train” task in **Asana** for any score below 7. | - **Contract a certified food‑safety auditor to conduct quarterly HACCP audits** and mandate corrective actions within 48 hours of any non‑compliance flagged in the audit report. | - **Deploy a QR‑code‑based customer feedback kiosk** (e.g., **Qualtrics QR‑code surveys**) on each table to capture real‑time guest ratings of food quality; aggregate scores in a Power BI dashboard and tie a ",0.2839583456516266,-0.8494243025779724,0.0,-0.8925802111625671,0.716041624546051,1.4874696731567383
"Lavatories were dirty with trash on the floor, making them disgusting.",Cleanliness,hospitality,"- Deploy a digital cleaning checklist in iAuditor (or a similar mobile auditing app) with mandatory “floor trash” and “bowl cleanliness” photos, requiring staff to scan a QR code before each shift to confirm completion. | - Install self‑service trash‑compactors linked to a real‑time occupancy sensor (e.g., Density.io) that automatically generate a service request when a trash‑bin exceeds 80 % capacity. | - Schedule a “Lavatory Deep‑Clean” rotation using a Trello board with recurring 4‑hour tasks, assigning each shift a specific zone and tracking completion with a simple “clean”/“dirty” status tag. | - Launch a weekly “Cleanliness Scorecard” in Power BI that pulls data from the iAuditor audits, floor‑sensor alerts, and janitor time‑clock entries, setting a target of ≥ 95 % compliance for each metric and flagging any deviation for immediate manager review.assistant

**Recommendations:**assistant

- Deploy a digital cleaning checklist in iAuditor (or a similar mobile auditing app) with mandatory “floor trash” and “bowl cleanliness” photos, requiring staff to scan a QR code before each shift to confirm completion",0.9305226802825928,4.550990581512451,0.0,-2.82572340965271,0.06947733461856842,-2.0049350261688232
"Seat had a broken table that was only disclosed at boarding and was poorly secured with sticky tape, causing it to fall on the passenger’s lap and watch",Service Quality,airline,"- **Standardize seat inspections:** Deploy a digital checklist (e.g., iAuditor) that flight attendants must complete on every seat before boarding, requiring photo verification of the table’s integrity and a “pass/fail” sign‑off before the seat is sealed with a pre‑approved seat‑belt strap and adhesive tape. | - **Automated defect tracking:** Integrate the checklist data with a CMMS (e.g., ServiceNow) that triggers a corrective‑action ticket when a seat fails the table inspection, automatically routing it to the maintenance lead for immediate repair. | - **Enhanced boarding communication:** Add a mandatory “Seat Condition” slide to the boarding checklist in the cabin‑crew tablet (e.g., Jeppesen) that displays the table status and the adhesive tape type used, with a QR code that passengers can scan for real‑time confirmation. | - **Root‑cause analysis dashboard:** Build a Power BI report that aggregates seat‑defect incidents, tape failure rates, and repair turnaround times, setting automated alerts when any metric exceeds a 5 % variance from the baseline. | - **Emergency response SOP:** Create a SOP in the crew manual that requires immediate removal of any loose or taped‑on objects from a seat, and",0.18861916661262512,0.34959912300109863,0.8113808035850525,4.035950183868408,0.0,-4.5686469078063965
Ground staff did not address or discuss the broken seat issue while the passenger waited at the gate for over an hour,Customer Service,airline,"- Deploy a real‑time “Seat Issue” workflow in the ground‑staff mobile app (e.g., a Power Apps checklist integrated with the airport’s CRM) that requires staff to log the broken seat, assign a resolution ticket, and notify the passenger within 5 minutes of discovery. | - Configure a ServiceNow incident escalation rule that automatically sends a push notification to the shift supervisor and a Slack alert to the passenger’s assigned gate agent the moment a seat‑break log is created, ensuring immediate follow‑up. | - Add a KPI in the monthly performance dashboard that tracks the “Time to Passenger Acknowledgment” for seat‑break incidents, with a target of ≤10 minutes and a quarterly bonus tied to meeting this metric. | - Conduct a 15‑minute end‑of‑shift debrief using a shared Google Sheet that records any unresolved seat issues, assigning a “next‑shift owner” and a due‑date timestamp to close the loop before the next flight. | - Implement a post‑incident survey via SurveyMonkey that asks passengers to rate the ground‑staff response to seat problems; feed the results into a quarterly improvement scorecard reviewed by the Operations Manager.assistant

**Recommendations:**assistant",0.03471451252698898,-1.7939494848251343,0.9652854800224304,6.607719898223877,0.0,-5.31581449508667
Ground staff provided shoddy service during the connecting flight in Singapore,Customer Service,airline,"- Deploy a mobile checklist app (e.g., iAuditor) that ground staff must complete for each connecting passenger, including verification of gate‑side signage, luggage tags, and boarding passes, with real‑time alerts to supervisors for any missed items. | - Integrate a “Connection Experience” KPI into the existing Power BI dashboard that tracks on‑time transfer, baggage handoff, and passenger satisfaction scores, and tie quarterly bonuses to meeting a ≥ 95 % target. | - Launch a mandatory 15‑minute micro‑learning video series on the LMS (e.g., Docebo) covering best practices for handling connecting passengers, with a mandatory quiz score ≥ 90 % before staff can access the next shift. | - Install self‑service kiosks equipped with a QR‑code‑linked feedback form that passengers can use to rate ground staff instantly; feed the data into a Tableau dashboard to trigger immediate corrective action when a staff member receives three negative ratings in a month.assistant

**Recommendations:**assistant

- Deploy a mobile checklist app (e.g., iAuditor) that ground staff must complete for each connecting passenger, including verification of gate‑side signage, luggage tags, and",0.0376628078520298,-2.4144632816314697,0.9623372554779053,5.773519515991211,0.0,-3.8761067390441895
"Aircraft cabin was dirty, lacked in‑flight entertainment, and had insufficient legroom, making the flight uncomfortable despite a high ticket price",Cabin Comfort,airline,"- Deploy a digital cabin‑cleanliness checklist in the crew tablet (e.g., using the iAuditor app) that requires each cleaning step to be logged and timestamped before departure, with automatic alerts for any missed items. | - Install high‑resolution, interactive IFE screens (e.g., Panasonic eX2) equipped with a curated library of movies, TV shows, and gamified content, and integrate them with a cloud‑based analytics platform (such as Flightscape) to track usage and adjust programming weekly. | - Upgrade economy seats to a 32‑inch pitch standard and install adjustable leg‑rests, then conduct a post‑flight NPS survey that includes a specific question on seat comfort and tie the results to a KPI of ≥85 % satisfaction. | - Launch a pre‑flight “Comfort Upgrade” bundle in the booking portal (via Sabre Sonic) that adds a premium seat, complimentary snacks, and a 20‑minute massage voucher, and monitor conversion rates to gauge demand for improved cabin comfort.assistant

**Recommendations:**assistant

- Deploy a digital cabin‑cleanliness checklist in the crew tablet (e.g., using the iAuditor app) that requires each cleaning",0.15458695590496063,1.2398236989974976,0.845413088798523,5.532716751098633,0.0,-7.058668613433838
"Compensation offered by cabin crew was reduced from a SGD 75 gift to only a few airline miles, which the passenger found unsatisfactory",Compensation,airline,"- **Automate the Compensation Offer:** Deploy a rule‑based workflow in ServiceNow that, when a “compensation” case is created, automatically applies a default compensation of 75 SGD and a fallback of 2,500 miles, with the option for agents to override the amount within a 24‑hour window. | - **Create a Tiered Compensation Matrix:** Build a centralized matrix in a Google Sheet that maps incident severity (e.g., delay, inconvenience) to standard compensation values (ranging from 25 SGD to 150 SGD) and link it to the case‑management system so agents can select the appropriate value in real time. | - **Send a Real‑Time Apology and Follow‑Up:** Configure a Zapier workflow that, upon case closure, sends a personalized apology email with the chosen compensation (gift‑card code or miles redemption link) and a 7‑day satisfaction survey via SurveyMonkey, then logs the response in Salesforce for analytics. | - **Implement a Rapid Review Process:** Institute a weekly 30‑minute “Compensation Review” meeting in Microsoft Teams where the CX lead, a legal representative, and a senior business consultant evaluate any deviations from the matrix, adjusting the matrix where necessary and documenting",0.10833539813756943,0.7763118743896484,0.8916646242141724,6.1020588874816895,0.0,-7.220277786254883
"Passengers were not informed where to collect their boarding passes in Singapore, causing confusion and a rushed arrival at the gate.",Service Quality,airline,"- Deploy digital signage (e.g., Samsung Smart Signage) at the arrival gate and on the ground‑transport buses that display a real‑time “Passenger Pickup” map with QR codes linking to a mobile boarding‑pass locator app. | - Integrate a push‑notification system (e.g., Twilio SMS or Apple Push) into the airline’s check‑in workflow that sends a “Your boarding pass is at Gate X, scan QR code for directions” message to passengers 5 minutes before their scheduled gate arrival. | - Install a Wayfinding kiosk (e.g., Navori Kiosk) at the baggage claim exit that automatically detects passengers’ destination and displays a step‑by‑step route to the nearest boarding‑pass pickup station. | - Create a “Boarding‑Pass Collection SOP” in the airline’s SOP portal (e.g., Confluence) that requires staff to confirm passenger location via a handheld device (e.g., Zebra TC52) and to log a timestamped “information‑provided” flag for audit.assistant

**Recommendations:**assistant

- Deploy digital signage (e.g., Samsung Smart Signage) at the arrival gate and on the ground‑transport buses",0.14743183553218842,-0.4595024883747101,0.8525681495666504,3.9744226932525635,0.0,-3.7219526767730713
"In-flight crew served meals while passengers were dozing and expected tables to be set, leading to poor service timing and inconvenience.",Service Quality,airline,"- Deploy a digital “Meal Service Checklist” on tablets (e.g., using the iAuditor app) that requires crew to tick off “dozing passengers” and “table set” before the meal button can be pressed, with automatic alerts to the flight lead if any step is missed. | - Integrate a real‑time passenger‑activity feed from the aircraft’s cabin‑monitoring system (e.g., Panasonic Avionics) into the crew’s mobile dashboard, displaying “sleeping zone” occupancy so meals are only served when the zone is empty or below a 10 % occupancy threshold. | - Schedule a 15‑minute pre‑flight “Service Timing Huddle” using the Crew Resource Management (CRM) platform (e.g., FlightBridge) where crew review the meal‑service SOP, log expected passenger counts, and set a shared timer that pauses when passengers are dozing, ensuring meals are timed to coincide with wake‑up intervals. | - Track “Meal Service Timing” as a KPI in the airline’s Operations Performance Management (OPM) software (e.g., SAP BusinessObjects) with a target ≤ 5 minute deviation from the scheduled start, generating weekly reports that trigger corrective actions when the threshold is exceeded.",0.027065716683864594,-2.7609593868255615,0.9729342460632324,6.289500713348389,0.0,-4.132935523986816
"The quality of premium economy meals was no better than economy fare, disappointing given the higher cost.",Food Quality,airline,"- Deploy a digital kitchen checklist on iPad using the KitchenCUT platform that requires chefs to log each premium‑economy ingredient and cooking time, with automatic alerts if a standard is missed. | - Launch a quarterly supplier audit using the SQF‑certified FreshOps platform, mandating a minimum 5 % cost premium for premium‑economy ingredients sourced from approved “Premium” tier vendors. | - Implement a post‑meal QR‑code survey that captures a 5‑point quality score (taste, presentation, freshness) and automatically routes any score < 4 to a Trello ticket for immediate follow‑up by the catering manager. | - Add a “Premium‑Economy Quality KPI” to the monthly performance dashboard in Power BI, tracking average score and cost‑per‑meal variances, with a target of ≥ 15 % higher score and ≤ 10 % cost premium. | - Introduce a bi‑weekly 30‑minute “Chef Tasting Panel” where the head chef and two sous‑chefs sample each premium‑economy dish, record their scores on a Google Sheet template, and review any dish falling below a 90 % consensus threshold.ЎыџNЎыџNassistant

**Recommendations:**",0.27891573309898376,-0.4577655792236328,0.7210842370986938,1.9421310424804688,0.0,-1.620583415031433
Ground crew were rude and denied boarding for a minor 4‑minute delay,Service Quality,airline,"- Deploy a real‑time ground‑crew performance dashboard in Power BI that pulls data from the airport’s check‑in and gate‑management systems, flagging any delay > 2 minutes and automatically sending a pre‑approved apology script to the affected passenger via the airport’s messaging app. | - Integrate a mandatory “Customer‑First” micro‑learning module in the airport’s LMS (e.g., Docebo) that includes a 5‑minute video on de‑escalation techniques and a 3‑question quiz, with completion tracked and tied to quarterly bonus eligibility. | - Implement a post‑interaction feedback loop in the airport’s CRM (e.g., Salesforce Service Cloud) that sends passengers a 3‑question NPS survey within 24 hours; any score ≤ 6 automatically triggers a manager review and a follow‑up phone call scheduled through the built‑in case‑management workflow. | - Create a weekly “Rude‑Free” audit using a checklist in the airport’s operations app (e.g., Zoho Desk) where supervisors record instances of denied boarding and assign a corrective action plan within 48 hours, with results reviewed in the next staff meeting.assistant

**Recommendations:**",0.14212198555469513,-0.7377138733863831,0.8578779697418213,3.8045754432678223,0.0,-3.2835168838500977
"Luggage was mishandled, leading to a half‑day wait and a missing bag report",Baggage Handling,airline,"- Deploy a real‑time baggage tracking system (e.g., SITA Baggage Management) integrated with the airline’s check‑in kiosks and ground handling scanners, so staff can instantly locate a missing bag and trigger a corrective action ticket in the ticketing system. | - Implement a “Baggage Handoff Verification” checklist in the ground handler’s mobile app (using a checklist template in the iAuditor platform) that requires each handler to scan a QR code on the bag and confirm “received” before the next step, with automatic timestamp logging. | - Set up a Power BI dashboard that pulls data from the baggage tracking system and generates a daily “Baggage Mishandling KPI” (percentage of delayed or lost bags) with a target of ≤0.5 %, and schedule a 15‑minute stand‑up each morning to review and assign corrective actions. | - Create a “Missing Bag” workflow in the airline’s service‑request portal (e.g., Zendesk) that auto‑assigns a case to the ground‑handling supervisor within 5 minutes of the report, with a SLA of 30 minutes to locate the bag and a 24‑hour follow‑up email to the customer. | - Conduct",0.17213207483291626,-0.37726855278015137,0.8278679847717285,3.591012716293335,0.0,-3.379950523376465
"Flight was delayed over an hour, causing a missed connecting flight",Flight Operations,airline,"- Deploy a real‑time delay‑prediction engine (e.g., OpenFlights’ Flight‑Delay Analytics) integrated with the airline’s operations dashboard, and trigger an automatic alert to ground staff when a departure delay exceeds 15 minutes, prompting immediate crew re‑assignment or gate hold. | - Implement a “virtual gate” in the airline’s check‑in system (e.g., Sabre Airlines) that auto‑reschedules passengers to the next available connecting flight if the scheduled gate‑to‑gate transfer window is exceeded, and sends an instant push notification via the airline’s mobile app. | - Introduce a “delay‑compensation workflow” in the passenger‑service platform (e.g., NICE WFM) that issues a one‑time $100 e‑voucher automatically within 24 hours of a delay >60 minutes, and logs the claim for KPI tracking. | - Use a predictive maintenance SaaS (such as Predictix) to schedule routine engine inspections that reduce unplanned maintenance incidents by at least 20 %, thereby cutting flight‑delay risk. | - Launch a “delay‑mitigation playbook” in the operations command center (e.g., NEC NaviCloud) that follows a step‑by",0.10081303864717484,-0.27729305624961853,0.8991869688034058,5.251506328582764,0.0,-5.2441182136535645
Rebooking after the missed connection was poorly handled,Service Quality,airline,"- Deploy a real‑time rebooking workflow in the airline’s CRM (e.g., Salesforce Service Cloud) that auto‑generates a re‑ticket offer, sends an SMS/WhatsApp reminder, and logs a “re‑booking request” case for follow‑up within 5 minutes of the missed connection. | - Integrate a predictive‑routing engine such as Routehappy to flag high‑risk itineraries and trigger an automated “connection‑alert” email/SMS to passengers 24 hours before departure, with a built‑in “re‑book now” button that updates the passenger’s reservation instantly. | - Set a KPI of “re‑booking completion within 30 minutes” and monitor it in Power BI dashboards, using a rule‑based Power Automate flow to escalate any breach to a senior agent for immediate intervention. | - Launch a post‑incident survey via SurveyMonkey that asks passengers to rate the re‑booking experience on a 1‑5 scale; feed the scores into a weekly Power BI report and tie a 5% bonus to agents who maintain a 90%+ satisfaction rating.assistant

**Recommendations:**assistant

- Deploy a real‑time rebooking workflow in the",0.3533557951450348,-0.23303286731243134,0.6466441750526428,1.2938531637191772,0.0,-1.1747769117355347
"Seat assignment placed family members, including a child, far apart for the entire journey",Seat Allocation,airline,"- **Implement a “Family‑Seat” rule in the reservation system (e.g., Sabre SST) that automatically groups adult and child tickets within a 3‑seat radius for all itineraries, and flag any deviation for manual review.** | - **Introduce a “Family‑Seat Request” checkbox on the booking portal (using a custom field in the booking engine) that triggers a real‑time alert to the check‑in agent, ensuring the family is seated together at boarding.** | - **Create a SOP in the airline’s check‑in SOP library (e.g., on the Asana‑Airline template) that mandates a “Seat‑Group Check” step where agents verify the family seats before issuing the boarding pass, and log any corrective action in the CRM.** | - **Deploy a Power BI dashboard that pulls seat‑assignment data from the reservation API and flags any “family‑separation” instances, automatically sending a Slack notification to the crew‑lead for immediate resolution.** | - **Offer a “Family‑Seat Guarantee” via a post‑flight survey (via Qualtrics) that awards a 20 % discount coupon to any family who reports being separated, and track redemption rates to measure improvement",0.3523472249507904,1.2453172206878662,0.6476527452468872,2.783363103866577,0.0,-4.097681999206543
Crew miscommunication forced the passengers to walk between terminals twice,Communication,airline,"- Deploy a real‑time crew‑to‑crew communication platform (e.g., Slack or Microsoft Teams) with a mandatory “Transfer Confirmation” checklist that must be signed off by the lead and logged before any passenger is moved between terminals. | - Integrate a digital passenger‑tracking board (such as the existing Departure/Arrival Display System) with a push‑notification trigger that alerts the next‑shift crew 15 minutes before a passenger’s scheduled transfer, ensuring handoff is seamless. | - Institute a weekly 30‑minute “Cross‑Terminal Handoff Drill” using a standardized SOP checklist in Confluence, with role‑playing scenarios and a post‑session scorecard tracked in Asana to measure compliance. | - Install a QR‑code‑linked “Transfer Verification” kiosk at each terminal exit that requires passengers to scan and confirm receipt of the transfer itinerary before leaving the gate, automatically updating the crew roster in the airline’s operational management system.assistant

**Recommendations:**assistant

- Deploy a real‑time crew‑to‑crew communication platform (e.g., Slack or Microsoft Teams) with a mandatory “Transfer Confirmation” checklist that must be signed off by the lead and logged before any passenger is moved between",0.3716261386871338,1.355422854423523,0.6283738613128662,2.6825196743011475,0.0,-4.088509559631348
Crew failed to assist when a request to sit together was made,Customer Service,airline,"- Deploy a real‑time crew‑assistance chatbot on the mobile app (e.g., using Intercom’s Custom Bot Builder) that automatically routes any “sit‑together” request to the nearest crew member and logs the response time in a Power BI dashboard. | - Add a mandatory “Seat‑Assistance” checklist in the crew checklist app (e.g., Trello or Asana) that requires a “Confirmed” or “Denied” tag within 2 minutes of a request, with automatic escalation to a supervisor if the tag is missed. | - Integrate the seating‑request data into the crew‑dispatch system (e.g., Via Transit) so that the nearest crew member with a free aisle seat receives a push notification and a 5‑second “Acknowledge” button, ensuring immediate acknowledgement of the request. | - Schedule weekly 15‑minute role‑play drills using the Gong.io call‑analysis platform where agents replay real “sit‑together” interactions, receive instant feedback on compliance with the new protocol, and track a measurable “Assistance Rate” KPI. | - Publish a QR‑code‑linked micro‑learning module in the crew LMS (e.g., Docebo) that walks staff",0.12789441645145416,-0.3958905041217804,0.8721055388450623,4.454466819763184,0.0,-4.293676376342773
"The landing delay caused a missed connecting flight and forced a rebooking to a much later departure, disrupting the travel itinerary.",Flight Operations,airline,"- **Automated Itinerary Protection:** Enable the airline’s “Missed‑Connection Protection” feature in the reservation system (e.g., Sabre) to automatically rebook the passenger to the next available flight within a 2‑hour window, with no additional service fee. | - **Real‑Time Flight‑Status Alerts:** Integrate the flight‑status API (e.g., FlightAware) into the mobile app and email notifications so passengers receive instant updates on delays and are prompted to request a free rebooking if the delay exceeds 30 minutes. | - **Rapid Rebooking Workflow:** Deploy a Zendesk “Rebooking” macro that auto‑populates the new itinerary and sends a one‑click confirmation link to the passenger’s phone, cutting manual handling time by 80 %. | - **Post‑Delay Compensation Trigger:** Configure a Power Automate flow that triggers a $100‑value e‑voucher redemption code (issued through the loyalty platform) whenever a delay causes a missed connection, delivering the code within 5 minutes of rebooking. | - **Flight‑Delay Analytics Dashboard:** Build a Tableau dashboard that tracks “delay‑to‑missed‑connection” incidents per route, flags any route where the ratio exceeds 5 ",0.06029427424073219,-0.7488784193992615,0.9397056698799133,6.1900410652160645,0.0,-5.8071818351745605
"The compensation offered was limited to a small food voucher, which was insufficient for the inconvenience caused by the missed connection.",Compensation,airline,"- **Issue‑Based Compensation Calculator:** Deploy a rules‑based compensation engine (e.g., NICE WFM) that automatically escalates missed‑connection cases to a $100 food‑court voucher when the delay exceeds 2 hours, with a built‑in audit trail for compliance review. | - **Empathy‑First Escalation Workflow:** Configure a Zendesk macro that adds a “Missed Connection – Compensate” tag and auto‑assigns the case to a senior agent for a 15‑minute follow‑up call offering a personalized apology and a $25 Starbucks e‑gift card, tracked via the “Escalation Time” field. | - **Real‑Time Customer Feedback Loop:** Integrate a post‑interaction SurveyMonkey link into the case closure email that captures a NPS score and an open‑ended “Compensation Adequacy” rating, feeding the data into a weekly Power BI dashboard for continuous improvement. | - **Proactive Rebooking & Reimbursement Process:** Use the existing Sabre GDS integration to automatically rebook the passenger on the next available flight and issue a $50 reimbursement voucher through the airline’s mobile app, with the transaction logged in the CRM for auditability. | - **Quarterly Compensation",0.3850789964199066,1.5602343082427979,0.6149210333824158,2.742805004119873,0.0,-4.354518413543701
"Staff were dismissive and failed to acknowledge the problem or provide adequate assistance, reflecting poor customer service.",Customer Service,hospitality,"- Deploy a real‑time “Acknowledgement & Empathy” script in the CRM (e.g., Salesforce Service Cloud) that forces agents to log a brief “I hear you” note within 30 seconds of contact, with automatic alerts to supervisors for any missed logs. | - Integrate a post‑interaction CSAT trigger in the ticketing system (e.g., Zendesk) that auto‑assigns a “Customer‑First Review” task to a quality‑audit team if the score ≤ 3, and requires a written root‑cause analysis and corrective action plan within 24 hours. | - Launch a weekly 15‑minute role‑playing workshop using the Gong.io conversation analytics platform, where agents record mock calls, receive AI‑generated feedback on tone and responsiveness, and receive a scorecard that feeds into quarterly performance bonuses. | - Install a “Customer‑First KPI” dashboard in Power BI that tracks metrics such as “First‑Contact Resolution” and “Average Handling Time,” with a target of ≥ 85 % resolution on the first contact and a 2‑minute reduction in AHT each quarter.assistant

**Recommendations:**assistant

- Deploy a real‑time “Acknowledgement &",0.5604713559150696,1.4425222873687744,0.4395286440849304,0.8283644318580627,0.0,-2.2910735607147217
"Customer service was unresponsive; multiple contact attempts via website, email, and call center received no reply or long hold times.",Service Quality,airline,"- Deploy a real‑time chatbot (e.g., Intercom) on the website and call‑center IVR that automatically routes inquiries to a live agent within 30 seconds, with a KPI of 95 % of contacts answered within this window. | - Configure an automated escalation workflow in ServiceNow that triggers a supervisor‑escalated ticket after three unanswered email/SMS attempts and logs a “Response Time” SLA breach for auditing. | - Implement a predictive routing solution (such as Five9) that schedules agents based on historical volume and skillsets, aiming for a 20 % reduction in average hold time over the next 90 days. | - Set up a “Customer‑First” KPI dashboard in Power BI that tracks “First Response Time” (seconds) and “Resolution Rate” for each channel, with weekly review meetings to adjust staffing levels accordingly. | - Launch a post‑interaction NPS survey via Qualtrics that automatically routes detractors to a dedicated “Customer Recovery” queue, ensuring a follow‑up within 24 hours and a 10 % increase in recovery rate over the next quarter.assistant

**Recommendations:**assistant

- Deploy a real‑time chatbot",0.424638569355011,0.28313878178596497,0.5753613710403442,1.0506234169006348,0.0,-1.4058438539505005
"Airline did not honor its advertised ticket flexibility, charging additional fees to change the flight.",Ticket Flexibility,airline,"- **Automate Flex‑Fee Refund:** Integrate the airline’s reservation system (e.g., Sabre) with a Rule‑Based Refund Engine (such as the NICE Nexidia RBR) that automatically identifies and processes “flex‑fee” refunds when a ticket is changed, eliminating manual review bottlenecks. | - **Standardize Change Policies:** Deploy a live, searchable “Ticket Flexibility” FAQ on the airline’s website and intranet using a content‑management platform (e.g., Contentful) that pulls real‑time policy data from the core ticketing database, ensuring agents always refer to the latest rules. | - **Launch a Rapid‑Response Change Desk:** Create a dedicated “Flex‑Policy” queue in the airline’s ServiceNow ticketing system, staffed by two senior agents who must resolve any fee‑dispute case within 24 hours and close it with a measurable “Resolution Time” KPI of ≤ 30 minutes. | - **Track Compliance with Audit Dashboards:** Build a Power BI dashboard that pulls daily transaction logs from the reservation system to flag any instances where advertised flexibility was not honored, triggering an automatic alert to the Compliance Lead for immediate remediation. | - **Implement a Comp",0.09587825834751129,0.0677594393491745,0.9041217565536499,5.737193584442139,0.0,-6.118626117706299
Lack of dining on demand and average-quality food during the flight.,Food Quality,airline,"- **Introduce a cloud‑based “Dining‑On‑Demand” platform (e.g., Upside Foods) that lets passengers pre‑order meals via their flight app, automatically routing orders to the galley and tracking preparation in real time.** | - **Implement a standardized “Flight Kitchen Quality Scorecard” in the kitchen management system (e.g., KitchenCUT) that requires chefs to log temperature, plating time, and ingredient freshness for each dish, with weekly audit reports reviewed by the catering manager.** | - **Contract a certified “Airline Culinary Partner” (such as Chef’s Plate) to supply pre‑portioned, ready‑to‑cook meal kits that meet FAA taste‑panel standards and are delivered directly to the aircraft before each flight.** | - **Launch a post‑flight QR‑code survey (via SurveyMonkey) that automatically emails a $5 discount coupon to passengers who rate the meal below 4/5, enabling data‑driven menu adjustments within two weeks.** | - **Install IoT temperature‑monitoring sensors (e.g., Sensitech TempTale) in the galley to alert staff when oven or storage temperatures deviate >2 °C from set points, ensuring consistent food quality across",0.03133256360888481,-1.8677290678024292,0.9686674475669861,6.801754474639893,0.0,-5.473628520965576
No touchscreen TV or comparable in‑flight entertainment provided.,In‑flight Entertainment,airline,"- Deploy a vendor‑managed “In‑Flight Entertainment as a Service” (IFE‑aaS) contract with Panasonic Avionics that installs 15‑inch touchscreen TVs on each seatback and a content‑management platform (e.g., IFE360) to deliver a curated selection of movies, shows, and games. | - Install a WiFi‑enabled seat‑back console (e.g., Thales TopSeries) integrated with the airline’s SaaS loyalty app, allowing passengers to stream personal content from their devices via the airline’s virtual private network. | - Launch a “Fly‑Time Pass” program that lets customers purchase a 30‑minute video‑on‑demand session using a QR‑code‑linked mobile wallet (e.g., Apple Pay) and automatically logs usage for post‑flight NPS tracking. | - Introduce a “Virtual Reality Experience” pilot on select routes, deploying Samsung Gear VR headsets and a cloud‑based content library (e.g., Oculus for Business) for a 10‑minute immersive tour of the destination. | - Configure the aircraft’s IFE system to display real‑time flight data (speed, altitude, route) on the touchscreen and integrate it with the airline’s flight‑operations dashboard (e.g., Flight",0.3453565239906311,2.1038100719451904,0.6546434760093689,3.7196145057678223,0.0,-5.942903518676758
"Seat was average and aircraft was noisy, leading to uncomfortable travel experience.",Seat Comfort,airline,"- **Install Quiet‑Comfort Cabin‑Class insulation:** Deploy the latest sound‑attenuating panels (e.g., Boeing 787‑based acoustic liners) and integrate them with a real‑time noise‑monitoring system (such as the Airbus A350’s Integrated Noise and Vibration Monitoring) to keep interior noise ≤ 55 dB(A) during takeoff. | - **Upgrade Seat Cushions with Dynamic Comfort Technology:** Replace existing foam with a memory‑foam‑core cushion that adjusts to passenger weight in real time, and calibrate the system using a force‑plate test to achieve a target pressure‑relief score of ≥ 85 % on the Human Factors International Seat Comfort Scale. | - **Introduce a Pre‑Flight Comfort Check:** Deploy a digital checklist on the flight deck tablet (e.g., Airbus Flight Operations Quality Assurance) that requires pilots to record seat‑back angle, headrest height, and floor‑to‑seat distance; flag any deviation exceeding ± 2 cm for immediate adjustment. | - **Launch a Post‑Flight Comfort Survey:** Send passengers a 5‑question SurveyMonkey link within 24 hours of landing, and set a KPI of ≥ 85 % “very comfortable” ratings for",0.03637554496526718,-1.8126771450042725,0.9636244177818298,6.466548919677734,0.0,-5.164728164672852
Boarding was slow due to a full flight and crew having to sort passengers and luggage,Service Quality,airline,"- Deploy a cloud‑based boarding‑pass scanner (e.g., Scandit) integrated with the airline’s check‑in system so that crew can instantly verify passenger status and automatically route them to open seats, cutting manual sorting time by up to 40 %. | - Install a real‑time flight‑status dashboard in the boarding area (using FlightStats API) that displays gate‑to‑gate passenger counts and alerts ground staff when the flight approaches full capacity, prompting immediate re‑allocation of overhead‑bin space. | - Introduce a “quick‑sort” SOP that assigns a dedicated crew member to use a handheld barcode‑reader (e.g., Zebra DS3600) to scan boarding passes and tag luggage with pre‑assigned bin numbers, reducing manual bag sorting time by at least 20 %. | - Set up a “boarding‑lane” queue management system (e.g., QLess) that issues digital boarding passes and automatically routes passengers to the least‑crowded lane based on seat‑allocation data, ensuring a steady flow and preventing bottlenecks.assistant

**Recommendations:**assistant

- Deploy a cloud‑based boarding‑pass scanner (e.g., Scandit) integrated with the airline’s",0.06975777447223663,-1.7850062847137451,0.9302422404289246,4.759979724884033,0.0,-3.3548007011413574
Loyalty status (Solitaire-PPS) was not recognized on board,Loyalty Program,hospitality,"- Deploy a real‑time guest‑profile sync between the loyalty platform (e.g., MaritzCX) and the POS system (e.g., Toast) via a scheduled API job that updates the Solitaire‑PPS status on every new booking, ensuring it’s visible to the front‑of‑house staff. | - Add a mandatory “Loyalty Status” field to the boarding pass template in the airline’s document‑management system (e.g., Adobe Experience Manager) and configure the printer to auto‑populate it with the latest Solitaire‑PPS tier. | - Set up a daily data‑quality audit script in Power BI that cross‑checks the guest’s last check‑in timestamp against the loyalty‑program activity log, flagging any discrepancies for immediate correction. | - Create a post‑boarding trigger in Salesforce Service Cloud that sends a push notification to the cabin crew tablet (e.g., iPad with the Crew App) with the guest’s Solitaire‑PPS benefits and a clickable “acknowledge” button, requiring crew sign‑off before departure. | - Implement a weekly KPI dashboard in Power BI that tracks “Loyalty Status Recognition Rate” on board, targeting ≥95 % compliance and automatically routing any failures to the",0.8720738887786865,4.075253963470459,0.1279260814189911,-0.774386465549469,0.0,-3.3316965103149414
"Seat width was narrow in a 3‑3‑3 layout and recline was minimal, similar to budget airlines",Seat Comfort,airline,"- **Specify seat width in the purchase contract:** Include a contractual clause that mandates a minimum seat width of 18 in (45 cm) for each row, measured from armrest to armrest, and require the manufacturer to certify compliance with a signed test report. | - **Add a comfort‑enhancement package:** Offer a “Premium Seat” option that includes a 2‑inch (5 cm) width upgrade, a power‑recline function (15‑degree maximum), and a USB‑C port, priced at $100–$150 per seat and track sales via the existing POS system. | - **Implement a seat‑width audit:** Deploy a portable seat‑width gauge (e.g., the “Seat Width Meter” by Seat Comfort Solutions) to measure all 3‑3‑3 rows weekly; feed the data into a Power BI dashboard that flags any row below the 18‑inch threshold for immediate remediation. | - **Integrate passenger‑feedback loops:** Place QR‑code feedback stations at each seat that route real‑time responses to a Qualtrics survey; set a KPI to achieve a 90 % satisfaction rating on seat comfort within 3 months and trigger a corrective action if the rating drops below",0.031683843582868576,-1.5998563766479492,0.9683161377906799,7.040541172027588,0.0,-5.985595226287842
Left audio channel of the seat speakers was non‑functional even after replacement,In‑flight Entertainment,airline,"- **Run a diagnostic test:** Use the manufacturer‑supplied “Seat Audio Verification Kit” (e.g., Panasonic PAV‑200) to isolate the left‑channel fault and confirm it’s not a wiring issue before replacing the speaker. | - **Replace the speaker with a certified part:** Order a genuine left‑channel speaker (part number X‑1234) from the approved vendor list and install it, following the step‑by‑step instructions in the maintenance manual. | - **Verify speaker connectivity:** After installation, connect the speaker to the seat control module using a calibrated multimeter (set to 20 mA) to ensure the left‑channel wire carries the correct current. | - **Update the seating configuration database:** Feed the seat serial number and replacement date into the airline’s seat‑management system (e.g., Amadeus SeatMap) to flag the seat as “audio‑repaired” and prevent future misallocation. | - **Implement a preventive‑maintenance schedule:** Add a quarterly “Seat Audio Health Check” task in the maintenance workflow tool (e.g., SAP PM) that runs the diagnostic kit on 10 % of seats, logs results, and triggers a replacement order if a fault is detected.assistant

",0.07572849839925766,-0.23059500753879547,0.9242715239524841,6.090621471405029,0.0,-6.2343573570251465
In‑flight internet did not work on the passenger’s phone and no assistance was provided,Connectivity,airline,"- Deploy a real‑time in‑flight connectivity dashboard (e.g., Cisco Connected Mobile Experience) that automatically flags “no‑signal” alerts for each passenger device and routes them to a dedicated “Connectivity Support” queue in ServiceNow for immediate follow‑up. | - Create a SOP in the airline’s Operations Manual requiring ground crew to carry a portable Wi‑Fi troubleshooting kit (e.g., Netgear Nighthawk M1) and a pre‑printed “Internet Assistance” card that must be handed to any passenger experiencing connectivity issues. | - Integrate the passenger’s mobile number into the existing SMS/WhatsApp chatbot (Twilio) on board, so a single “I can’t connect” message triggers an automated ticket in Zendesk with a 5‑minute SLA for a crew member to visit the passenger. | - Set up a weekly “Connectivity Review” meeting using a shared Miro board where the IT team reviews signal‑strength logs, passenger complaint data from Medallia, and equipment uptime metrics, and assigns corrective actions with measurable KPI targets (e.g., 99.5% in‑flight internet uptime).assistant

**Recommendations:**lásilassistant

- Deploy a real‑time in‑flight",0.15196672081947327,0.6875572204589844,0.8480333089828491,5.0314621925354,0.0,-5.948177814483643
No reading materials were available during the flight,In‑flight Entertainment,airline,"- Deploy a digital‑library kiosk (e.g., Kindle Fire tablets with the Amazon Kindle Unlimited app) on each aircraft, pre‑loaded with a curated selection of best‑selling novels and non‑fiction titles, and enable passengers to borrow one book per flight via a QR‑code check‑out system. | - Negotiate a quarterly subscription agreement with a major publishing consortium (e.g., HarperCollins) to provide a rotating catalog of e‑books that are automatically pushed to the onboard library kiosks, with usage tracked via the fleet’s existing Wi‑Fi analytics dashboard. | - Install a “Book‑Exchange” compartment at the front of each cabin that houses a weekly rotation of donated new and gently‑used paperbacks, and train flight attendants to offer passengers a simple “swap‑in, swap‑out” process using a standardized checklist in the crew mobile app. | - Set up a real‑time feedback loop by embedding a one‑question SurveyMonkey micro‑survey on the seatback screens that asks “Did you find the reading materials useful?” and automatically route any negative responses to a dedicated “In‑flight Reading” Slack channel for immediate follow‑up.assistant

**Recommendations:**assistant

- Deploy",0.08237163722515106,0.05026911199092865,0.9176283478736877,6.140805721282959,0.0,-6.552899360656738
"Food options were very basic, served in a tiny cardboard box, and of low quality",Food Quality,airline,"- **Expand the menu with premium items:** Add three high‑margin, chef‑curated dishes (e.g., lobster tail, filet mignon, truffle risotto) and price them at $15–$25, using the Toast POS “Menu Engineering” module to track sales and profitability weekly. | - **Upgrade packaging with branded containers:** Switch to reusable, compostable bamboo boxes sourced through a vetted supplier (e.g., GreenBox) and replace the cardboard sleeve with a custom‑printed sleeve that displays the restaurant’s logo and key selling points. | - **Implement a daily sensory quality checklist:** Use a digital form in Google Forms that requires chefs to log temperature, texture, and visual scores for each menu item before service, with automatic alerts if any score falls below 8/10. | - **Introduce a QR‑code feedback loop:** Place a QR code on each table that links to a 3‑question SurveyMonkey micro‑survey; analyze responses in real time to pinpoint specific food quality issues and trigger corrective actions within 48 hours. | - **Launch a “Chef’s Selection” tasting experience:** Offer a 4‑course tasting menu once a week, priced at $35, and promote it through a Mailchimp automated",0.0,-1.161394476890564,0.5564128160476685,0.7600799798965454,0.44358718395233154,0.18750815093517303
"Cabin crew ignored the passenger’s after‑dinner drink request, showing inattentiveness",Service Quality,airline,"- Deploy a cloud‑based order‑management platform (e.g., Upserve) integrated with cabin‑crew tablets that auto‑populates a “Post‑Dinner Drink” prompt after each meal and flags any missed requests for immediate supervisor review. | - Institute a real‑time “Service Quality Score” dashboard in Power BI that pulls data from the POS system and crew‑interaction logs, with a weekly KPI target of ≥ 98 % drink‑order compliance and triggers a corrective‑action ticket in Jira for any score below 95 %. | - Schedule a 15‑minute micro‑learning video on “Active Listening & Follow‑Through” hosted on Lessonly, requiring 100 % completion and a mandatory quiz score ≥ 90 % before each flight, with completion tracked in the LMS. | - Launch a post‑flight passenger‑feedback survey via SurveyMonkey that includes a “Crew Responsiveness” rating; set a threshold of ≥ 90 % positive responses and route any below‑threshold responses to the crew‑performance manager for coaching within 24 hours.assistant

**Recommendations:**assistant

- Deploy a cloud‑based order‑management platform (e.g.,",0.182084321975708,-0.06067357957363129,0.817915678024292,3.735034227371216,0.0,-3.8513503074645996
No soap was provided in the washroom,Hygiene,hospitality,"- Deploy a demand‑driven soap dispenser system (e.g., SoapBox) that automatically refills each dispenser when soap levels fall below 20 % and logs each refill in a Power BI dashboard for real‑time inventory tracking. | - Install QR‑code‑enabled hygiene‑audit kiosks (using the Kioskly platform) that staff scan daily, generating a compliance score visible on a Slack channel and triggering an automatic order for more soap if any dispenser is empty. | - Set up a recurring purchase order in SAP Ariba to auto‑replenish soap every two weeks, with a rule that the order quantity is calculated based on the average dispenser usage per day from the past 30 days. | - Launch a micro‑learning module on the Lessonly LMS that requires all front‑of‑house staff to complete a 5‑minute “Soap Placement” checklist each shift, with completion tracked in a weekly report and tied to a performance‑based bonus metric.assistant

**Recommendations:**assistant

- Deploy a demand‑driven soap dispenser system (e.g., SoapBox) that automatically refills each dispenser when soap levels fall below 20 % and logs each refill in a Power BI dashboard",0.7214378714561462,2.2553155422210693,0.27856212854385376,-0.14902468025684357,0.0,-2.120534896850586
Disinfectant kits were not offered as advertised unless specifically requested,Hygiene,hospitality,"- Deploy a digital signage system (e.g., Samsung Smart Signage) integrated with the POS to automatically display a “Disinfectant Kit Available” message on checkout screens, with a QR code that triggers an instant request for the kit. | - Integrate the POS (e.g., Toast) to flag every order with a “Disinfectant Required” checkbox that must be ticked before the order can be finalized, ensuring staff offer the kit for every qualifying transaction. | - Schedule a 15‑minute “Kit Offer” audit each shift using a mobile checklist app (e.g., iAuditor) and require 100 % compliance before shift completion, with results posted to a live dashboard for real‑time monitoring. | - Create a weekly KPI in Power BI that tracks “Disinfectant Kit Offer Rate” against the advertised 100 % target, automatically sending Slack alerts to the floor manager when the rate falls below 95 %.ıldığındaassistant

**Recommendations:**еристиassistant

- Deploy a digital signage system (e.g., Samsung Smart Signage) integrated with the POS to automatically display a “Disinfectant Kit Available” message on checkout screens, with a QR code that triggers an instant request for",0.7493035793304443,1.9633128643035889,0.2506963610649109,-0.8030827641487122,0.0,-1.227590560913086
"Mask‑wearing rules were not enforced by the crew, allowing passengers to wear masks improperly",Health & Safety,airline,"- Deploy a tablet‑based “Mask Compliance Checklist” in the flight crew’s mobile app (e.g., CrewCom) that requires each crew member to scan the passenger’s mask and record its position (covering nose and mouth) before allowing boarding. | - Install a real‑time facial‑mask detection camera at boarding gates linked to a digital signage that automatically displays a “Mask Properly Worn” verification icon or a “Please Correct” prompt for passengers whose masks are not fully sealed. | - Add a mandatory “Mask Enforcement” KPI to the crew’s monthly performance dashboard in the airline’s HRIS (e.g., BambooHR) with a target ≥95% compliance, tracked via audit logs from the tablet app. | - Schedule 15‑minute micro‑training sessions every shift using a VR/AR platform (e.g., Strivr) that immerses crew members in scenarios where they must enforce mask rules, with scores recorded for future coaching.ЎыџNЎыџNassistant

**Recommendations:**assistant

- Deploy a tablet‑based “Mask Compliance Checklist” in the flight crew’s mobile app (e.g., CrewCom) that requires each crew member to scan the passenger’s mask and record its position (covering nose and mouth) before",0.1375626027584076,-0.3183818757534027,0.8624374270439148,4.3196845054626465,0.0,-4.212322235107422
"Crew appeared overworked and demotivated, affecting overall service",Service Quality,airline,"- Deploy a real‑time workload‑balancing dashboard in Power BI that pulls shift‑level staffing data from Kronos and flags any crew member scheduled for more than 12 hours per shift, automatically prompting managers to redistribute or request overtime. | - Launch a quarterly employee‑pulse survey via CultureAmp, targeting a 15 % increase in “job satisfaction” scores within three months and trigger a 30‑minute team‑building workshop for any crew scoring below 70 % on the “work‑life balance” dimension. | - Implement a bi‑weekly “5‑minute stand‑up” huddle using Microsoft Teams Meetings where each crew member logs a brief “time‑pressure” rating (1‑5) on a shared Google Sheet; if the average rating exceeds 2.5, a dedicated “work‑life support” specialist is assigned to review the schedule for the next week. | - Introduce a gamified performance‑incentive program in Bonusly that awards points for meeting KPI targets (e.g., on‑time arrival, first‑contact resolution) and automatically converts 10 % of points to a quarterly cash bonus, with a target of 80 % participation and a 5 % increase",0.0,-1.1696943044662476,0.5879220962524414,0.9263011813163757,0.4120778739452362,0.028387226164340973
